Workbook

Sheet Resumo
A1: Editora: em que tipo de livro investir (base: royalties de 2026)
A2: Valores em R$, só Amazon.com.br. Tudo é fórmula: clique na célula para ver a conta. Células em laranja são ESTIMATIVA.
A4: Números do ano (royalty real, informado pela Amazon)
A5: Total recebido em 2026 (ebook + KU pago) | B5: ='Por mês'!E12 -> 1367.19 | C5: jan a 23/out; sem o KU de outubro, que ainda não foi pago
A6: dos quais royalty de ebook | B6: ='Por mês'!C12 -> 1276.81
A7: dos quais Kindle Unlimited já pago | B7: ='Por mês'!D12 -> 90.38
A8: Melhor mês | B8: =MAX('Por mês'!E2:E11) -> 391.43 | C8: =INDEX('Por mês'!A2:A11,MATCH(B8,'Por mês'!E2:E11,0)) -> jun/2026
A9: Pior mês | B9: =MIN('Por mês'!E2:E11) -> 7.11 | C9: =INDEX('Por mês'!A2:A11,MATCH(B9,'Por mês'!E2:E11,0)) -> jan/2026
A10: Média por mês (jan a set, meses fechados) | B10: =AVERAGE('Por mês'!E2:E10) -> 115.95333 | C10: outubro fica fora por estar incompleto
A11: KU de outubro ainda não pago (páginas lidas) | B11: ='Por mês'!F12 -> 584 | C11: vira dinheiro quando a Amazon pagar; fora do total
A13: Fora do total: outras lojas, em outras moedas (valores pequenos)
A14: Moeda | B14: Royalty ebook | C14: KU pago (dinheiro) | D14: KU não pago (páginas)
A15: USD | B15: =SUMIFS('Dados royalties'!$D$3:$D$18,'Dados royalties'!$C$3:$C$18,$A15) -> 1.35 | C15: =SUMIFS('Dados royalties'!$G$3:$G$18,'Dados royalties'!$C$3:$C$18,$A15) -> 0 | D15: =SUMIFS('Dados royalties'!$H$3:$H$18,'Dados royalties'!$C$3:$C$18,$A15) -> 32 | E15: na moeda de cada loja, sem conversão
A16: EUR | B16: =SUMIFS('Dados royalties'!$D$3:$D$18,'Dados royalties'!$C$3:$C$18,$A16) -> 1.43 | C16: =SUMIFS('Dados royalties'!$G$3:$G$18,'Dados royalties'!$C$3:$C$18,$A16) -> 0 | D16: =SUMIFS('Dados royalties'!$H$3:$H$18,'Dados royalties'!$C$3:$C$18,$A16) -> 0
A17: MXN | B17: =SUMIFS('Dados royalties'!$D$3:$D$18,'Dados royalties'!$C$3:$C$18,$A17) -> 0 | C17: =SUMIFS('Dados royalties'!$G$3:$G$18,'Dados royalties'!$C$3:$C$18,$A17) -> 0.48 | D17: =SUMIFS('Dados royalties'!$H$3:$H$18,'Dados royalties'!$C$3:$C$18,$A17) -> 0
A18: AUD | B18: =SUMIFS('Dados royalties'!$D$3:$D$18,'Dados royalties'!$C$3:$C$18,$A18) -> 0 | C18: =SUMIFS('Dados royalties'!$G$3:$G$18,'Dados royalties'!$C$3:$C$18,$A18) -> 0.07 | D18: =SUMIFS('Dados royalties'!$H$3:$H$18,'Dados royalties'!$C$3:$C$18,$A18) -> 0
A20: Dinheiro estimado por tema (ESTIMATIVA: pedidos x preço atual x 70% ou 35%)
A21: Tema | B21: Títulos | C21: Pedidos (dez/25 a 23/out/26) | D21: Royalty estimado (R$) | E21: % do total estimado | F21: Média por título (R$) | G21: Royalty médio por pedido (R$)
A22: IA para dev | B22: =COUNTIF('Pedidos por título'!$B$3:$B$28,$A22) -> 9 | C22: =SUMIF('Pedidos por título'!$B$3:$B$28,$A22,'Pedidos por título'!$D$3:$D$28) -> 56 | D22: =SUMIF('Pedidos por título'!$B$3:$B$28,$A22,'Pedidos por título'!$G$3:$G$28) -> 936.824 | E22: =IF($D$26=0,0,D22/$D$26) -> 0.72186129 | F22: =IF(B22=0,0,D22/B22) -> 104.09156 | G22: =IF(C22=0,0,D22/C22) -> 16.729
A23: programação | B23: =COUNTIF('Pedidos por título'!$B$3:$B$28,$A23) -> 10 | C23: =SUMIF('Pedidos por título'!$B$3:$B$28,$A23,'Pedidos por título'!$D$3:$D$28) -> 34 | D23: =SUMIF('Pedidos por título'!$B$3:$B$28,$A23,'Pedidos por título'!$G$3:$G$28) -> 319.788 | E23: =IF($D$26=0,0,D23/$D$26) -> 0.24640976 | F23: =IF(B23=0,0,D23/B23) -> 31.9788 | G23: =IF(C23=0,0,D23/C23) -> 9.4055294
A24: infantil/família | B24: =COUNTIF('Pedidos por título'!$B$3:$B$28,$A24) -> 5 | C24: =SUMIF('Pedidos por título'!$B$3:$B$28,$A24,'Pedidos por título'!$D$3:$D$28) -> 5 | D24: =SUMIF('Pedidos por título'!$B$3:$B$28,$A24,'Pedidos por título'!$G$3:$G$28) -> 38.395 | E24: =IF($D$26=0,0,D24/$D$26) -> 0.029584921 | F24: =IF(B24=0,0,D24/B24) -> 7.679 | G24: =IF(C24=0,0,D24/C24) -> 7.679
A25: ficção | B25: =COUNTIF('Pedidos por título'!$B$3:$B$28,$A25) -> 2 | C25: =SUMIF('Pedidos por título'!$B$3:$B$28,$A25,'Pedidos por título'!$D$3:$D$28) -> 3 | D25: =SUMIF('Pedidos por título'!$B$3:$B$28,$A25,'Pedidos por título'!$G$3:$G$28) -> 2.7825 | E25: =IF($D$26=0,0,D25/$D$26) -> 0.0021440303 | F25: =IF(B25=0,0,D25/B25) -> 1.39125 | G25: =IF(C25=0,0,D25/C25) -> 0.9275
A26: Total | B26: =SUM(B22:B25) -> 26 | C26: =SUM(C22:C25) -> 98 | D26: =SUM(D22:D25) -> 1297.7895 | E26: =SUM(E22:E25) -> 1 | F26: =IF(B26=0,0,D26/B26) -> 49.914981 | G26: =IF(C26=0,0,D26/C26) -> 13.24275 | H26: =IF(ROUND(D26-'Pedidos por título'!G29,2)=0,"ok: soma igual à aba Pedidos","confira: há tema fora da lista") -> ok: soma igual à aba Pedidos
A29: Conferência da estimativa contra o dinheiro real
A30: Royalty de ebook real em 2026 (jan a 23/out) | B30: =B6 -> 1276.81 | C30: Os períodos não são iguais: os pedidos incluem dez/2025 e o royalty real começa em jan/2026.
A31: Royalty estimado pelos pedidos (dez/25 a 23/out) | B31: =D26 -> 1297.7895 | C31: Diferença pequena indica que a estimativa por tema é confiável para comparar temas entre si.
A32: Diferença (estimado menos real) | B32: =B31-B30 -> 20.9795
A33: Diferença em % | B33: =IF(B30=0,0,B32/B30) -> 0.016431184
A35: Como ler
A36: Total recebido = royalty de ebook + Kindle Unlimited já pago, só Amazon.com.br (BRL), de jan a 23/out/2026.
A37: Kindle Unlimited de outubro está em páginas lidas porque ainda não foi pago: aparece em B11 e fica fora do total.
A38: Outras lojas (USD, EUR, MXN, AUD) estão nas linhas 15 a 18, fora do total, na moeda original.
A39: Por tema é ESTIMATIVA: usa o preço ATUAL de cada título (se o preço mudou no período, a conta muda) e a regra 70%/35%.
A40: A regra de royalty está na aba 'Pedidos por título', células J3 a J5 (texto azul = valor digitado, pode alterar).
A41: Cores: azul = dado digitado; verde = fórmula que puxa de outra aba; preto = fórmula; laranja = estimativa.

Sheet Por mês
A1: Mês | B1: Código do mês | C1: Royalty ebook (R$) | D1: Kindle Unlimited pago (R$) | E1: Total do mês (R$) | F1: KU ainda não pago (páginas) | G1: Observação
A2: jan/2026 | B2: 2026-01 | C2: =SUMIFS('Dados royalties'!$D$3:$D$18,'Dados royalties'!$A$3:$A$18,$B2,'Dados royalties'!$C$3:$C$18,"BRL") -> 6.82 | D2: =SUMIFS('Dados royalties'!$G$3:$G$18,'Dados royalties'!$A$3:$A$18,$B2,'Dados royalties'!$C$3:$C$18,"BRL") -> 0.29 | E2: =C2+D2 -> 7.11 | F2: =SUMIFS('Dados royalties'!$H$3:$H$18,'Dados royalties'!$A$3:$A$18,$B2,'Dados royalties'!$C$3:$C$18,"BRL") -> 0
A3: fev/2026 | B3: 2026-02 | C3: =SUMIFS('Dados royalties'!$D$3:$D$18,'Dados royalties'!$A$3:$A$18,$B3,'Dados royalties'!$C$3:$C$18,"BRL") -> 20.76 | D3: =SUMIFS('Dados royalties'!$G$3:$G$18,'Dados royalties'!$A$3:$A$18,$B3,'Dados royalties'!$C$3:$C$18,"BRL") -> 6.17 | E3: =C3+D3 -> 26.93 | F3: =SUMIFS('Dados royalties'!$H$3:$H$18,'Dados royalties'!$A$3:$A$18,$B3,'Dados royalties'!$C$3:$C$18,"BRL") -> 0
A4: mar/2026 | B4: 2026-03 | C4: =SUMIFS('Dados royalties'!$D$3:$D$18,'Dados royalties'!$A$3:$A$18,$B4,'Dados royalties'!$C$3:$C$18,"BRL") -> 20.64 | D4: =SUMIFS('Dados royalties'!$G$3:$G$18,'Dados royalties'!$A$3:$A$18,$B4,'Dados royalties'!$C$3:$C$18,"BRL") -> 13.23 | E4: =C4+D4 -> 33.87 | F4: =SUMIFS('Dados royalties'!$H$3:$H$18,'Dados royalties'!$A$3:$A$18,$B4,'Dados royalties'!$C$3:$C$18,"BRL") -> 0
A5: abr/2026 | B5: 2026-04 | C5: =SUMIFS('Dados royalties'!$D$3:$D$18,'Dados royalties'!$A$3:$A$18,$B5,'Dados royalties'!$C$3:$C$18,"BRL") -> 6.9 | D5: =SUMIFS('Dados royalties'!$G$3:$G$18,'Dados royalties'!$A$3:$A$18,$B5,'Dados royalties'!$C$3:$C$18,"BRL") -> 4.19 | E5: =C5+D5 -> 11.09 | F5: =SUMIFS('Dados royalties'!$H$3:$H$18,'Dados royalties'!$A$3:$A$18,$B5,'Dados royalties'!$C$3:$C$18,"BRL") -> 0
A6: mai/2026 | B6: 2026-05 | C6: =SUMIFS('Dados royalties'!$D$3:$D$18,'Dados royalties'!$A$3:$A$18,$B6,'Dados royalties'!$C$3:$C$18,"BRL") -> 90.41 | D6: =SUMIFS('Dados royalties'!$G$3:$G$18,'Dados royalties'!$A$3:$A$18,$B6,'Dados royalties'!$C$3:$C$18,"BRL") -> 5.44 | E6: =C6+D6 -> 95.85 | F6: =SUMIFS('Dados royalties'!$H$3:$H$18,'Dados royalties'!$A$3:$A$18,$B6,'Dados royalties'!$C$3:$C$18,"BRL") -> 0
A7: jun/2026 | B7: 2026-06 | C7: =SUMIFS('Dados royalties'!$D$3:$D$18,'Dados royalties'!$A$3:$A$18,$B7,'Dados royalties'!$C$3:$C$18,"BRL") -> 371.69 | D7: =SUMIFS('Dados royalties'!$G$3:$G$18,'Dados royalties'!$A$3:$A$18,$B7,'Dados royalties'!$C$3:$C$18,"BRL") -> 19.74 | E7: =C7+D7 -> 391.43 | F7: =SUMIFS('Dados royalties'!$H$3:$H$18,'Dados royalties'!$A$3:$A$18,$B7,'Dados royalties'!$C$3:$C$18,"BRL") -> 0
A8: jul/2026 | B8: 2026-07 | C8: =SUMIFS('Dados royalties'!$D$3:$D$18,'Dados royalties'!$A$3:$A$18,$B8,'Dados royalties'!$C$3:$C$18,"BRL") -> 191.21 | D8: =SUMIFS('Dados royalties'!$G$3:$G$18,'Dados royalties'!$A$3:$A$18,$B8,'Dados royalties'!$C$3:$C$18,"BRL") -> 9.58 | E8: =C8+D8 -> 200.79 | F8: =SUMIFS('Dados royalties'!$H$3:$H$18,'Dados royalties'!$A$3:$A$18,$B8,'Dados royalties'!$C$3:$C$18,"BRL") -> 0
A9: ago/2026 | B9: 2026-08 | C9: =SUMIFS('Dados royalties'!$D$3:$D$18,'Dados royalties'!$A$3:$A$18,$B9,'Dados royalties'!$C$3:$C$18,"BRL") -> 43.82 | D9: =SUMIFS('Dados royalties'!$G$3:$G$18,'Dados royalties'!$A$3:$A$18,$B9,'Dados royalties'!$C$3:$C$18,"BRL") -> 21.56 | E9: =C9+D9 -> 65.38 | F9: =SUMIFS('Dados royalties'!$H$3:$H$18,'Dados royalties'!$A$3:$A$18,$B9,'Dados royalties'!$C$3:$C$18,"BRL") -> 0
A10: set/2026 | B10: 2026-09 | C10: =SUMIFS('Dados royalties'!$D$3:$D$18,'Dados royalties'!$A$3:$A$18,$B10,'Dados royalties'!$C$3:$C$18,"BRL") -> 200.95 | D10: =SUMIFS('Dados royalties'!$G$3:$G$18,'Dados royalties'!$A$3:$A$18,$B10,'Dados royalties'!$C$3:$C$18,"BRL") -> 10.18 | E10: =C10+D10 -> 211.13 | F10: =SUMIFS('Dados royalties'!$H$3:$H$18,'Dados royalties'!$A$3:$A$18,$B10,'Dados royalties'!$C$3:$C$18,"BRL") -> 0
A11: out/2026 | B11: 2026-10 | C11: =SUMIFS('Dados royalties'!$D$3:$D$18,'Dados royalties'!$A$3:$A$18,$B11,'Dados royalties'!$C$3:$C$18,"BRL") -> 323.61 | D11: =SUMIFS('Dados royalties'!$G$3:$G$18,'Dados royalties'!$A$3:$A$18,$B11,'Dados royalties'!$C$3:$C$18,"BRL") -> 0 | E11: =C11+D11 -> 323.61 | F11: =SUMIFS('Dados royalties'!$H$3:$H$18,'Dados royalties'!$A$3:$A$18,$B11,'Dados royalties'!$C$3:$C$18,"BRL") -> 584 | G11: Mês incompleto (dados até 23/out). KU em páginas, ainda não pago: fora do total.
A12: Total 2026 | C12: =SUM(C2:C11) -> 1276.81 | D12: =SUM(D2:D11) -> 90.38 | E12: =SUM(E2:E11) -> 1367.19 | F12: =SUM(F2:F11) -> 584
A14: Só Amazon.com.br (moeda BRL). Outras lojas ficam fora; o valor delas aparece no Resumo, separado.

Sheet Pedidos por título
A1: Dados do anexo pedidos-por-titulo.csv (dez/2025 a 23/out/2026). Colunas E a G são ESTIMATIVA (preço atual x regra de royalty).
A2: Título | B2: Tema | C2: Preço atual (R$) | D2: Pedidos dez/25 a 23/out/26 | E2: % de royalty (ESTIMATIVA) | F2: Royalty por venda (R$) (ESTIMATIVA) | G2: Royalty estimado (R$) (ESTIMATIVA) | I2: Premissas (você informou; pode alterar)
A3: Agentes de IA com Python | B3: IA para dev | C3: 24.97 | D3: 12 | E3: =IF(C3>=$J$3,$J$4,$J$5) -> 0.7 | F3: =C3*E3 -> 17.479 | G3: =D3*F3 -> 209.748 | I3: Preço mínimo para 70% (R$) | J3: 5.99
A4: Spec Driven Development na Prática | B4: IA para dev | C4: 24.97 | D4: 11 | E4: =IF(C4>=$J$3,$J$4,$J$5) -> 0.7 | F4: =C4*E4 -> 17.479 | G4: =D4*F4 -> 192.269 | I4: Royalty a partir do mínimo | J4: 0.7
A5: Claude Code na Prática | B5: IA para dev | C5: 24.97 | D5: 10 | E5: =IF(C5>=$J$3,$J$4,$J$5) -> 0.7 | F5: =C5*E5 -> 17.479 | G5: =D5*F5 -> 174.79 | I5: Royalty abaixo do mínimo | J5: 0.35
A6: MCP na Prática com Python | B6: IA para dev | C6: 24.97 | D6: 9 | E6: =IF(C6>=$J$3,$J$4,$J$5) -> 0.7 | F6: =C6*E6 -> 17.479 | G6: =D6*F6 -> 157.311
A7: Programação para Iniciantes Absolutos | B7: programação | C7: 9.97 | D7: 8 | E7: =IF(C7>=$J$3,$J$4,$J$5) -> 0.7 | F7: =C7*E7 -> 6.979 | G7: =D7*F7 -> 55.832
A8: Git sem Mistério | B8: programação | C8: 9.97 | D8: 7 | E8: =IF(C8>=$J$3,$J$4,$J$5) -> 0.7 | F8: =C8*E8 -> 6.979 | G8: =D8*F8 -> 48.853
A9: Context Engineering | B9: IA para dev | C9: 24.97 | D9: 6 | E9: =IF(C9>=$J$3,$J$4,$J$5) -> 0.7 | F9: =C9*E9 -> 17.479 | G9: =D9*F9 -> 104.874
A10: Lógica de Programação na Prática | B10: programação | C10: 9.97 | D10: 6 | E10: =IF(C10>=$J$3,$J$4,$J$5) -> 0.7 | F10: =C10*E10 -> 6.979 | G10: =D10*F10 -> 41.874
A11: ChatGPT 2026 | B11: IA para dev | C11: 9.97 | D11: 4 | E11: =IF(C11>=$J$3,$J$4,$J$5) -> 0.7 | F11: =C11*E11 -> 6.979 | G11: =D11*F11 -> 27.916
A12: TDD na Prática com Python | B12: programação | C12: 9.97 | D12: 3 | E12: =IF(C12>=$J$3,$J$4,$J$5) -> 0.7 | F12: =C12*E12 -> 6.979 | G12: =D12*F12 -> 20.937
A13: TypeScript na Prática | B13: programação | C13: 24.97 | D13: 2 | E13: =IF(C13>=$J$3,$J$4,$J$5) -> 0.7 | F13: =C13*E13 -> 17.479 | G13: =D13*F13 -> 34.958
A14: JavaScript na Prática | B14: programação | C14: 24.97 | D14: 2 | E14: =IF(C14>=$J$3,$J$4,$J$5) -> 0.7 | F14: =C14*E14 -> 17.479 | G14: =D14*F14 -> 34.958
A15: Corte de Sangue | B15: ficção | C15: 1.99 | D15: 2 | E15: =IF(C15>=$J$3,$J$4,$J$5) -> 0.35 | F15: =C15*E15 -> 0.6965 | G15: =D15*F15 -> 1.393
A16: Go na Prática | B16: programação | C16: 19.9 | D16: 2 | E16: =IF(C16>=$J$3,$J$4,$J$5) -> 0.7 | F16: =C16*E16 -> 13.93 | G16: =D16*F16 -> 27.86
A17: SQL na Prática com PostgreSQL | B17: programação | C17: 24.97 | D17: 2 | E17: =IF(C17>=$J$3,$J$4,$J$5) -> 0.7 | F17: =C17*E17 -> 17.479 | G17: =D17*F17 -> 34.958
... A28: Harness Engineering na Prática com Python | B28: IA para dev | C28: 24.97 | D28: 1 | E28: =IF(C28>=$J$3,$J$4,$J$5) -> 0.7 | F28: =C28*E28 -> 17.479 | G28: =D28*F28 -> 17.479
A29: Total | D29: =SUM(D3:D28) -> 98 | G29: =SUM(G3:G28) -> 1297.7895

Sheet Dados royalties
A1: Dados brutos do anexo royalties-por-mes.csv (colunas A a F copiadas como vieram; G e H são fórmulas)
A2: Mês | B2: Loja | C2: Moeda | D2: Royalty ebook | E2: Kindle Unlimited (dinheiro ou páginas) | F2: KU já pago? | G2: KU pago em dinheiro | H2: KU pendente (páginas)
A3: 2026-01 | B3: Amazon.com.br | C3: BRL | D3: 6.82 | E3: 0.29 | F3: TRUE | G3: =IF(AND(F3=TRUE,ISNUMBER(E3)),E3,0) -> 0.29 | H3: =IF(ISNUMBER(E3),0,VALUE(LEFT(E3,FIND(" ",E3)-1))) -> 0
A4: 2026-02 | B4: Amazon.com.br | C4: BRL | D4: 20.76 | E4: 6.17 | F4: TRUE | G4: =IF(AND(F4=TRUE,ISNUMBER(E4)),E4,0) -> 6.17 | H4: =IF(ISNUMBER(E4),0,VALUE(LEFT(E4,FIND(" ",E4)-1))) -> 0
A5: 2026-03 | B5: Amazon.com.br | C5: BRL | D5: 20.64 | E5: 13.23 | F5: TRUE | G5: =IF(AND(F5=TRUE,ISNUMBER(E5)),E5,0) -> 13.23 | H5: =IF(ISNUMBER(E5),0,VALUE(LEFT(E5,FIND(" ",E5)-1))) -> 0
A6: 2026-04 | B6: Amazon.com.br | C6: BRL | D6: 6.9 | E6: 4.19 | F6: TRUE | G6: =IF(AND(F6=TRUE,ISNUMBER(E6)),E6,0) -> 4.19 | H6: =IF(ISNUMBER(E6),0,VALUE(LEFT(E6,FIND(" ",E6)-1))) -> 0
A7: 2026-05 | B7: Amazon.com.br | C7: BRL | D7: 90.41 | E7: 5.44 | F7: TRUE | G7: =IF(AND(F7=TRUE,ISNUMBER(E7)),E7,0) -> 5.44 | H7: =IF(ISNUMBER(E7),0,VALUE(LEFT(E7,FIND(" ",E7)-1))) -> 0
A8: 2026-06 | B8: Amazon.com | C8: USD | D8: 1.35 | E8: 0 | F8: TRUE | G8: =IF(AND(F8=TRUE,ISNUMBER(E8)),E8,0) -> 0 | H8: =IF(ISNUMBER(E8),0,VALUE(LEFT(E8,FIND(" ",E8)-1))) -> 0
A9: 2026-06 | B9: Amazon.com.br | C9: BRL | D9: 371.69 | E9: 19.74 | F9: TRUE | G9: =IF(AND(F9=TRUE,ISNUMBER(E9)),E9,0) -> 19.74 | H9: =IF(ISNUMBER(E9),0,VALUE(LEFT(E9,FIND(" ",E9)-1))) -> 0
A10: 2026-06 | B10: Amazon.com.mx | C10: MXN | D10: 0 | E10: 0.48 | F10: TRUE | G10: =IF(AND(F10=TRUE,ISNUMBER(E10)),E10,0) -> 0.48 | H10: =IF(ISNUMBER(E10),0,VALUE(LEFT(E10,FIND(" ",E10)-1))) -> 0
A11: 2026-07 | B11: Amazon.com | C11: USD | D11: 0 | E11: 0 | F11: TRUE | G11: =IF(AND(F11=TRUE,ISNUMBER(E11)),E11,0) -> 0 | H11: =IF(ISNUMBER(E11),0,VALUE(LEFT(E11,FIND(" ",E11)-1))) -> 0
A12: 2026-07 | B12: Amazon.com.br | C12: BRL | D12: 191.21 | E12: 9.58 | F12: TRUE | G12: =IF(AND(F12=TRUE,ISNUMBER(E12)),E12,0) -> 9.58 | H12: =IF(ISNUMBER(E12),0,VALUE(LEFT(E12,FIND(" ",E12)-1))) -> 0
A13: 2026-08 | B13: Amazon.com.br | C13: BRL | D13: 43.82 | E13: 21.56 | F13: TRUE | G13: =IF(AND(F13=TRUE,ISNUMBER(E13)),E13,0) -> 21.56 | H13: =IF(ISNUMBER(E13),0,VALUE(LEFT(E13,FIND(" ",E13)-1))) -> 0
A14: 2026-08 | B14: Amazon.it | C14: EUR | D14: 1.43 | E14: 0 | F14: TRUE | G14: =IF(AND(F14=TRUE,ISNUMBER(E14)),E14,0) -> 0 | H14: =IF(ISNUMBER(E14),0,VALUE(LEFT(E14,FIND(" ",E14)-1))) -> 0
... A16: 2026-09 | B16: Amazon.com.br | C16: BRL | D16: 200.95 | E16: 10.18 | F16: TRUE | G16: =IF(AND(F16=TRUE,ISNUMBER(E16)),E16,0) -> 10.18 | H16: =IF(ISNUMBER(E16),0,VALUE(LEFT(E16,FIND(" ",E16)-1))) -> 0
A17: 2026-10 | B17: Amazon.com | C17: USD | D17: 0 | E17: 32 páginas | F17: FALSE | G17: =IF(AND(F17=TRUE,ISNUMBER(E17)),E17,0) -> 0 | H17: =IF(ISNUMBER(E17),0,VALUE(LEFT(E17,FIND(" ",E17)-1))) -> 32
A18: 2026-10 | B18: Amazon.com.br | C18: BRL | D18: 323.61 | E18: 584 páginas | F18: FALSE | G18: =IF(AND(F18=TRUE,ISNUMBER(E18)),E18,0) -> 0 | H18: =IF(ISNUMBER(E18),0,VALUE(LEFT(E18,FIND(" ",E18)-1))) -> 584
